date,test_year,true_regime,pred_regime,correct,brier
2015-01-01,2015,1,1,1,0.04586666666666667
2015-02-01,2015,1,1,1,0.025799999999999993
2015-03-01,2015,1,1,1,0.06020000000000001
2015-04-01,2015,1,1,1,0.06486666666666664
2015-05-01,2015,1,1,1,0.07279999999999999
2015-06-01,2015,1,1,1,0.08446666666666668
2015-07-01,2015,1,1,1,0.058066666666666676
2015-08-01,2015,1,0,0,0.17686666666666664
2015-09-01,2015,0,0,1,0.10160000000000001
2015-10-01,2015,1,0,0,0.2952666666666667
2015-11-01,2015,1,0,0,0.20986666666666673
2015-12-01,2015,1,0,0,0.4648666666666666
2016-01-01,2016,0,0,1,0.0882
2016-02-01,2016,1,0,0,0.2534
2016-03-01,2016,0,0,1,0.09806666666666668
2016-04-01,2016,1,0,0,0.24500000000000002
2016-05-01,2016,1,0,0,0.2512666666666667
2016-06-01,2016,0,0,1,0.08526666666666667
2016-07-01,2016,0,0,1,0.09306666666666669
2016-08-01,2016,0,0,1,0.1762666666666667
2016-09-01,2016,1,0,0,0.3362
2016-10-01,2016,1,2,0,0.3128666666666667
2016-11-01,2016,0,0,1,0.1554
2016-12-01,2016,0,2,0,0.17246666666666668
2017-01-01,2017,2,2,1,0.031266666666666665
2017-02-01,2017,1,2,0,0.42660000000000003
2017-03-01,2017,1,2,0,0.37820000000000004
2017-04-01,2017,2,2,1,0.1516666666666667
2017-05-01,2017,1,2,0,0.28606666666666664
2017-06-01,2017,1,2,0,0.23326666666666665
2017-07-01,2017,1,2,0,0.3506
2017-08-01,2017,2,2,1,0.06406666666666666
2017-09-01,2017,2,2,1,0.05646666666666666
2017-10-01,2017,2,2,1,0.06259999999999999
2017-11-01,2017,1,2,0,0.3642
2017-12-01,2017,0,2,0,0.41386666666666666
2018-01-01,2018,0,0,1,0.1986
2018-02-01,2018,1,0,0,0.3404666666666667
2018-03-01,2018,1,2,0,0.3964666666666667
2018-04-01,2018,1,0,0,0.4144666666666667
2018-05-01,2018,1,2,0,0.32806666666666673
2018-06-01,2018,0,2,0,0.30019999999999997
2018-07-01,2018,2,0,0,0.18666666666666668
2018-08-01,2018,0,2,0,0.26086666666666664
2018-09-01,2018,0,0,1,0.11546666666666666
2018-10-01,2018,0,2,0,0.2418
2018-11-01,2018,0,1,0,0.2018
2018-12-01,2018,0,0,1,0.07326666666666666
2019-01-01,2019,0,0,1,0.05786666666666666
2019-02-01,2019,0,0,1,0.1418
2019-03-01,2019,0,2,0,0.5464666666666668
2019-04-01,2019,0,2,0,0.5522666666666667
2019-05-01,2019,0,2,0,0.46526666666666666
2019-06-01,2019,1,1,1,0.1928
2019-07-01,2019,1,1,1,0.1768666666666667
2019-08-01,2019,1,2,0,0.5744666666666666
2019-09-01,2019,1,2,0,0.4672666666666667
2019-10-01,2019,1,0,0,0.20046666666666668
2019-11-01,2019,1,1,1,0.11180000000000001
2019-12-01,2019,1,1,1,0.06860000000000001
2020-01-01,2020,1,1,1,0.12560000000000002
2020-02-01,2020,1,1,1,0.13886666666666667
2020-03-01,2020,1,1,1,0.027466666666666664
2020-04-01,2020,1,1,1,0.010066666666666666
2020-05-01,2020,1,1,1,0.022866666666666664
2020-06-01,2020,1,1,1,0.03166666666666667
2020-07-01,2020,1,1,1,0.06486666666666667
2020-08-01,2020,1,1,1,0.07606666666666667
2020-09-01,2020,1,1,1,0.07246666666666667
2020-10-01,2020,1,1,1,0.07686666666666668
2020-11-01,2020,1,1,1,0.07579999999999999
2020-12-01,2020,2,1,0,0.3734
2021-01-01,2021,1,1,1,0.11946666666666667
2021-02-01,2021,2,1,0,0.19706666666666664
2021-03-01,2021,2,2,1,0.15926666666666667
2021-04-01,2021,2,2,1,0.14906666666666665
2021-05-01,2021,2,2,1,0.05626666666666668
2021-06-01,2021,2,2,1,0.1648666666666667
2021-07-01,2021,2,2,1,0.11626666666666667
2021-08-01,2021,2,2,1,0.10126666666666666
2021-09-01,2021,2,2,1,0.09726666666666668
2021-10-01,2021,2,0,0,0.24719999999999998
2021-11-01,2021,2,0,0,0.24806666666666669
2021-12-01,2021,2,2,1,0.14186666666666667
2022-01-01,2022,2,0,0,0.28886666666666666
2022-02-01,2022,2,0,0,0.43920000000000003
2022-03-01,2022,2,0,0,0.40166666666666667
2022-04-01,2022,0,0,1,0.03326666666666667
2022-05-01,2022,0,0,1,0.036866666666666666
2022-06-01,2022,0,0,1,0.05646666666666666
2022-07-01,2022,0,0,1,0.06586666666666667
2022-08-01,2022,0,0,1,0.06206666666666666
2022-09-01,2022,0,0,1,0.039200000000000006
2022-10-01,2022,0,0,1,0.07046666666666666
2022-11-01,2022,0,0,1,0.05146666666666666
2022-12-01,2022,0,0,1,0.04506666666666668
2023-01-01,2023,0,0,1,0.01126666666666667
2023-02-01,2023,0,0,1,0.009866666666666668
2023-03-01,2023,0,0,1,0.052266666666666656
2023-04-01,2023,0,0,1,0.031400000000000004
2023-05-01,2023,0,0,1,0.03726666666666667
2023-06-01,2023,0,0,1,0.03546666666666667
2023-07-01,2023,0,0,1,0.04666666666666668
2023-08-01,2023,0,0,1,0.039200000000000006
2023-09-01,2023,0,0,1,0.024266666666666662
2023-10-01,2023,0,0,1,0.028799999999999996
2023-11-01,2023,0,0,1,0.028466666666666664
2023-12-01,2023,0,0,1,0.028466666666666664
2024-01-01,2024,0,0,1,0.007466666666666667
2024-02-01,2024,0,0,1,0.014466666666666671
2024-03-01,2024,0,0,1,0.01306666666666667
2024-04-01,2024,0,0,1,0.08639999999999999
2024-05-01,2024,0,0,1,0.07046666666666666
2024-06-01,2024,0,0,1,0.06206666666666668
2024-07-01,2024,0,0,1,0.07086666666666666
2024-08-01,2024,0,0,1,0.09626666666666668
2024-09-01,2024,0,0,1,0.09246666666666668
2024-10-01,2024,0,0,1,0.09360000000000002
2024-11-01,2024,0,0,1,0.08540000000000002
2024-12-01,2024,0,0,1,0.06846666666666666
2025-01-01,2025,0,0,1,0.025399999999999995
2025-02-01,2025,0,0,1,0.008266666666666667
2025-03-01,2025,0,0,1,0.003199999999999998
2025-04-01,2025,0,0,1,0.019466666666666674
2025-05-01,2025,0,0,1,0.0024666666666666643
2025-06-01,2025,0,0,1,0.017266666666666677
2025-07-01,2025,0,0,1,0.026466666666666663
2025-08-01,2025,0,0,1,0.028466666666666664
2025-09-01,2025,0,0,1,0.07446666666666667
2025-10-01,2025,0,0,1,0.028866666666666665
2025-11-01,2025,0,0,1,0.04246666666666668
2025-12-01,2025,0,0,1,0.1302
2026-01-01,2026,0,0,1,0.007466666666666667
2026-02-01,2026,0,0,1,0.10126666666666669
2026-03-01,2026,0,0,1,0.011400000000000002
2026-04-01,2026,0,0,1,0.02086666666666666
2026-05-01,2026,0,0,1,0.05846666666666669
